{"cameraMode":{"drawMode":0,"name":"Shaded","section":"Shading Mode"},"sceneLighting":true,"audioPlay":false,"sceneViewState":{"showFog":true,"showMaterialUpdate":false,"showSkybox":true,"showFlares":true,"showImageEffects":true,"showParticleSystems":true},"in2DMode":false,"pivot":{"x":-110.7103500366211,"y":265.3791809082031,"z":-205.38063049316407},"rotation":{"x":0.19220474362373353,"y":-0.23299862444400788,"z":-0.04703531786799431,"w":-0.9521327018737793},"size":104.02714538574219,"orthographic":false}